,ID,제목,가수,가사,predicted_emotion_mbert
0,37145732,Love wins all,아이유,"Dearest, Darling, My universe날 데려가 줄래?나의 이 가난한 상상력으론떠올릴 수 없는 곳으로저기 멀리 from Earth to Mars꼭 같이 가줄래?그곳이 어디든, 오랜 외로움그 반대말을 찾아서어떤 실수로이토록 우리는함께일까세상에게서 도망쳐 Run on나와 저 끝까지 가줘 My lover나쁜 결말일까 길 잃은 우리 둘 um부서지도록 나를 꼭 안아더 사랑히 내게 입 맞춰 LoverLove is all Love is allLove Love Love Love결국, 그럼에도,어째서 우리는서로일까세상에게서 도망쳐 Run on나와 저 끝까지 가줘 My lover나쁜 결말일까 길 잃은 우리 둘 um찬찬히 너를 두 눈에 담아한 번 더 편안히 웃어주렴유영하듯 떠오른그날 그 밤처럼,나와 함께 겁 없이저물어줄래?산산히 나를 더 망쳐 Ruiner너와 슬퍼지고 싶어 My lover필연에게서 도망쳐 Run on나와 저 끝까지 가줘 My lover일부러 나란히 길 잃은 우리 두 사람부서지도록 나를 꼭 안아더 사랑히 내게 입 맞춰 LoverOur Love wins all Love wins allLove Love Love Love",부정
1,37194943,밤양갱,비비 (BIBI),떠나는 길에 니가 내게 말했지‘너는 바라는 게 너무나 많아잠깐이라도 널 안 바라보면머리에 불이 나버린다니까’나는 흐르려는 눈물을 참고하려던 얘길 어렵게 누르고‘그래 미안해’라는 한 마디로너랑 나눈 날들 마무리했었지달디달고 달디달고 달디단 밤양갱 밤양갱내가 먹고 싶었던 건 달디단 밤양갱 밤양갱이야떠나는 길에 니가 내게 말했지‘너는 바라는 게 너무나 많아’아냐 내가 늘 바란 건 하나야한 개뿐이야 달디단 밤양갱달디달고 달디달고 달디단 밤양갱 밤양갱내가 먹고 싶었던 건 달디단 밤양갱 밤양갱이야상다리가 부러지고둘이서 먹다 하나가 쓰러져버려도나라는 사람을 몰랐던 넌떠나가다가 돌아서서 말했지‘너는 바라는 게 너무나 많아’아냐 내가 늘 바란 건 하나야한 개뿐이야 달디단 밤양갱,긍정
2,37229121,Shopper,아이유,"아직도 난더 가지고 싶어(Yeah I want moreI’ll get it more, more)설레는 게이렇게나 많은 걸(Oh I want allI must have all, all)저녁 일곱시노을의 팔레트(I need it, courseI’ll take it, course, course)가슴 터질 듯내 이름을 외치는 목소리(Oh it’s so worthIt’s more than what, what)빼곡히 적은 wish list빠짐없이 가질 때까지(Take what you wantNo matter who calls you a freak)설명할 필요 없어나 그때와는 다른 걸 원해, 원해Let’s go haul더 미어터질 만큼 다 채워Look around시간은 짧아 더 빨리 가져(Shop all day, ayGreed is free, ay)Go Make your own가지러 태어난 것처럼이 샵은 문 닫지 않아 늘, 영원히마지막 소절 숨의 첫 모금(It's time to showGo, make it sure, sure)승리를 앞둔마음이 달릴 때 내는 소리(It's time to goI'll make my goal, goal)내게는 없어 plan B모조리 내 것이 될 때까지(Take what you wantNo matter who puts down you‘re greed)적당히로는 안돼난 훨씬 더 대담한 걸 원해, 원해Let’s go haul더 미어터질 만큼 다 채워Look around시간은 짧아 더 빨리 가져이 샵은 문 닫지 않아, 봐필요 없는 건 없어for my Victory, even your jealousy나 이제껏 모르던 세상을 욕심 내볼래Let’s go haul더 미어터질 만큼 다 채워Look around시간은 짧아 더 빨리 가져Shop all day, ayGreed is free, ayGo Make your own가지러 태어난 것처럼이 샵은 문 닫지 않아 늘, 영원히",부정
3,37140709,첫 만남은 계획대로 되지 않아,TWS (투어스),"Ay ay ay ay ay거울 속에 내 표정 봐 봐느낌 So good 기다려온 D-day연습했던 손든 인사도 그대로 하면 돼Hairstyle check하고 한 번 Turn around발걸음은 매일 걷던 그 길로계획은 완벽빨리 말 걸어보고 싶어, HeyWoo 문 앞에서 셋을 세어본다, Yeh(셋, 둘, 하나)첫 만남은 너무 어려워계획대로 되는 게 없어서첫 만남은 너무 어려워내 이름은 말야Hey,안녕, 첫 마디를 건넬 때주변 소린 Canceled네 말소리는 PlaylistYeh,질문은 나의 용기, 알려줘 너의“이름이 뭐야?”너와 내 거리는 세 걸음 남았어, Yeh(셋, 둘, 하나)첫 만남은 너무 어려워계획대로 되는 게 없어서첫 만남은 너무 어려워내 이름은 말야이 순간, Feels so wonderful조금은 뚝딱거려도어색한 인사까지도너와 나의 첫 만남우리의 사이 Beautiful내일도 내일모레도기억해, 영원히 반짝일 순간Wait wait!Na na na-이렇게 만나서 반가워내일 또 봐 안녕",긍정
4,37222942,홀씨,아이유,"내가 누울 자린 아마도한참 더 위로아니 적당히 미끈한 곳에뿌리내리긴 싫어내 뒤로 착착 따라붙어다 예쁘게 줄지어난 기어코 하늘에 필래음, What a tiny leader아슬아슬히 나는홀씨 하나 또 다른길을 향해서Fly high to bloom혹시 나의 안부를묻는 누군가있거든 전해줘걔는 홀씨가 됐다구날 따라, gonna go to win날 따라, 날아가 꼭대기루You say '후‘I may flyYou say '후‘Then i fly날 따라, Even without wings날 따라, 떠올라 공중으루You say '후‘I may flyYou say '후'Then i fly다 날 볼 수 있게 날아 줄게 한가운데시력을 위해 꼭 지참해 니 sunglass올려보면 눈부셔고소공포 하나도 안 무셔따가운 태양과 무지 가까운 거리까지 올라가 난 무심히 내려보리구름을 골라타간만에 한바탕싹 어질러볼까빙글빙그르 나는홀씨 하나 가파른바람을 타고Fly high to bloom혹시 나의 안부를묻는 누군가있거든 전해줘걔는 홀씨가 됐다구날 따라, gonna go to win날 따라, 날아가 꼭대기루You say '후‘I may flyYou say '후‘Then i fly날 따라, Even without wings날 따라, 떠올라 공중으루You say '후‘I may flyYou say '후'Then i fly앞길이 만만치 않아도엄살은 뒤로내 선택이야 늘 그랬듯이쉬울 확률은 zero남은 거 탈탈 털어줄게모두 행운을 빌어구태여 인사하고 갈래May god be with yaSee ya",부정
5,37023625,비의 랩소디,임재현,이젠 눈물 그쳐 나를 봐요우는 그대 더 아름다워내게 이 모습조차 더 남지 않도록그냥 고개 돌려요그저 미안한 마음뿐이죠그댈 위해 해줄 게 없어모두 이해할게요 그댈 아끼는 맘그분들도 같을 거란 걸한참 동안을 비틀거렸죠그댈 사랑했던 그만큼떠나가요 아주 먼 곳으로그대 소식 내게 올 수 없을 그만큼다 잊어요 내겐 마지막이 될사람도 모두 다 버려두고 갈게요나를 위해 많이 애썼단 걸알고 있죠 난 감사해요허나 이룰 수 없는 건 어쩔 수 없죠내가 용기 낼게요 이젠죽는 날까지 사랑한대도가질 수 없는 그대인걸떠나가요 아주 먼 곳으로그대 소식 내게 올 수 없을 그만큼다 잊어요 내겐 마지막이 될사람도 모두 다 버려두고 갈게요떠나가요 아주 먼 곳으로그대 소식 내게 올 수 없을 그만큼혹시라도 내가 그리울 때면세상에 내가 없다고 믿어요,긍정
6,37003911,To. X,태연 (TAEYEON),"처음 본 널 기억해We skipped the small talk바로 다음 단계였지 뭐단점이라곤 없는 게 단점이라던그 허세도 마냥 좋았어하지만 내 일기가재미없어진 이유내가 없어진 나의매일들은 허전해좀 이상해 왜 둘 사이에너만 너만 보이는 걸까난 까다롭고 힘든 아이라그런 피곤한 생각만 한대오늘 나눈 문자 속에새로 산 티셔츠그 얘기뿐이야이제야 난 알 것 같아Gonna block you불을 꺼 To. X그 좋아했던 립스틱싫단 말에 버린널 좋아했던 만큼다 맞추려 했어‘나 아님 누가그런 세상 안아주겠어’그 말이 그땐 그리달콤했던 거야 Oh no새벽의 긴 통화도이젠 피곤해졌어Every day, every night나로 채우고 싶어좀 이상해 왜 둘 사이에너만 너만 보이는 걸까난 까다롭고 힘든 아이라그런 피곤한 생각만 한대오늘 나눈 문자 속에새로 산 티셔츠그 얘기뿐이야이제야 난 알 것 같아Gonna block you불을 꺼 To. XGonna block you불을 꺼 To. XSay ByeGonna block you불을 꺼 To. X깜빡거리는흔들거리는 LightGonna block you불을 꺼 To. X좀 이상해 왜 둘 사이에너만 너만 보이는 걸까(너만 보일까)난 까다롭고 힘든 아이라그런 피곤한 생각만 한대오늘 나눈 문자 속에(이제 불을 꺼)새로 산 티셔츠그 얘기뿐이야이제야 난 알 것 같아Gonna block you불을 꺼 To. XGonna block you불을 꺼 To. X",부정
7,37098744,Love 119,RIIZE,1 2 Let’s go뺏긴 My heartthat girl’s a killerLove so goodfeels like a thriller시작됐지이건 Emergency (Vroom)1-1-9 1-1-9Save my life save my lifeShe sets me free이건 Emergency (Love)너는 마치 Flashlight자꾸만 시선을 뺏겨많은 사람 속에서순간 너만 보였어다들 말하지Love is so sweet아직 난 뭔지 모르겠지Right now처음 느낀 이상한 떨림이건 진심 I’m not kidding친구이기엔 더Deeper deeper deeper어쩌면 Love song yah뺏긴 My heartthat girl’s a killerLove so goodfeels like a thriller시작됐지이건 Emergency (Vroom)1-1-9 1-1-9Save my life save my lifeShe sets me free이건 Emergency (Love)이상해 나 What do I do너에 관한 건 뭐라도신경 쓰여 난 All day넌 만들어 My day이 감정은 Someday난 알고 싶어귓가에 울린Love is so sweet멈출 수 없이빠져버린 나야네가 자꾸 궁금해 왜지말도 안 돼I’m not kidding시간이 갈수록깊어 깊어 깊어져가는 나잖아뺏긴 My heartthat girl’s a killerLove so goodfeels like a thriller시작됐지이건 Emergency (Vroom)1-1-9 1-1-9Save my life save my lifeShe sets me free이건 Emergency (Love)이건 뭘까You know what I’m talking about왜 이렇게나의 맘이 어지러운 걸까이 모든 게내가 널 좋아하는 건가난 그럼 더 이상끌고 싶지 않아다른 건Nothing butI want it all with you뺏긴 My heartthat girl’s a killerLove so goodfeels like a thriller시작됐지이건 Emergency (Vroom)1-1-9 1-1-9Save my life save my lifeShe sets me free이건 Emergency (Love),부정
8,37229122,"Shh.. (Feat. 혜인(HYEIN), 조원선 & Special Narr. 패티김)",아이유,"It's not about F (F)not about L (L)We got something else뒷짐을 진채따라갈래그녀의 긴 발자국서로를 이어 (서로를 이어)How special we are (special we are)그 존재감에입을 다무네영원히 날 앞서는그 이름은 Shh...음 아마 첫사랑이지또한 내 첫 세상뚫어져라 무언가바라보는 시선 역시같은 눈동자를 가진 그녀를닮아서일까음 즐거운 악몽이지우리는 시소에 올라또 오르락내리락도통 이해가 안 되는 일이지유쾌하지 않은 꿈에서까지널 보며왜 웃고 있을까It's not about F (F)not about L (L)We got something else굵고 까맣게 (F)땋은 양갈래 (L)이야길 담은 입술서로를 이어 (서로를 이어)How special we are (special we are)참 시시하게 (F)혹은 비범하게 (L)한 조각씩 내어준그 이름은 Shh..옷자락 휘날리던 등장에 대하여(Salute)그보다 꼿꼿하던 퇴장을 향하여빛에 맞서던 순간도빛을 등지던 순간도 음음내내 자신답던 그녀를 위하여멈춘 적 없는오랜 혼잣말처럼나의 시간 어딘가 영원히풀리지 않는 암호 같은 그녀들에게It's all about F (F)All about L (L)We got something else난 마주할래 (F)오랜 감정에 (L)이름을 붙일 자유서로를 이어 (서로를 이어)How special we are (special we are)끝내 재가 될 때 (F)까지 내 안에 (L)빨갛게 숨 타오를그 이름은 Shh..여기낡은 이야기 하나 있죠모두가 다 아는, 그러나 또 모르는그 이름은 Shh..",부정
9,37053556,에피소드,이무진,나는 말야버릇이 하나있어 그건 매일 잠에 들 시간마다잘 모아둔 기억 조각들 중잡히는 걸 집은 후혼자 조용히 꼬꼬무이걸 난궁상이란이름으로 지었어 고민 고민하다가아무튼 뭐 오늘은 하필이면너가 스쳐버려서우리였을 때로우리 정말 좋았던 그때로우리의 에피소드가찬란하게 막을 연다배경은 너의 집 앞첫 데이트가 끝난둘만의 에피소드가참 예쁜 얘기로 시작자작자작 조심스런 대화그새 늦은 시간굿바이좋은 뜻일 뿐인 굿바이With a happy smile이게 이 스토리의 서막눈 내리던 그 밤겨울 향이 배어서더 눈부신우리의 에피소드다매일이 마지막인 듯이함께라면 어디든지사랑이란 걸 끝도 없이주고받고 나눴어 그치?서로만 있음 마음이시릴 날이 없던 우리넌 오아시스 내겐 마치근데 있잖아별 소용없다?생각만 해도 행복한 순간들은 말야모른 척해도 결국엔 이건끝을 봤던 에피소드점점 점점 점점우리의 에피소드가결말에 가까워져가곧 새드 엔딩이다크레딧엔 너와 나둘만의 에피소드가참 쓸쓸한 끝을 맞아두 주인공의 서글픈 마지막결국 건넨 인사굿바이너무 아픈 이별의 굿바이눈물이 뺨을 스쳐도착한 입가엔 미소애써 웃고 있어우린 서로를 보며첨 같던 미소로 안녕웃으며 안녕눈 뜨면 에필로그다침대에 기대어 혼자펑펑 울고 있는 나이 궁상 밖의 난둘만의 에피소드완전혀 다른 모습 난 그날돌아서지 말았어야 했다널 안았어야 했다그 밤눈꽃이 널 덮은 그 밤의향을 잊음과함께 잃었던 따스함춥게 눈을 뜬다겨울밤이 되어서맞이한 향이우리의 에피소드다,부정
10,36910957,Perfect Night,LE SSERAFIM (르세라핌),"Me and my girliesWe gon party til its earlyGot me feeling otherworldly tonightCaught in some trafficBut the radio is blastingDrop a red light and we’ll sing it goodbyeOohBy the morning, feel like magicI got all I need you know nothing else can beatThe way that I feel when I’m dancing with my girlsPerfect energy yeah we flawless yeah we freeThere’s no better feeling in the whole wide worldTonightI don’t care what’s wrong or rightDon’t start blowing up my lineI’d care at 11:59But nothing counts after midnightCome and take a ride with meI got a credit card and some good companySome come throughMake the fit real goodWhy you still stuck on loadingWaiting on you babeOohNight to morning, live slow motionI got all I need you know nothing else can beatThe way that I feel when I’m dancing with my girlsPerfect energy yeah we flawless yeah we freeThere’s no better feeling in the whole wide worldTonightI don’t care what’s wrong or rightDon’t start blowing up my lineI’d care at 11:59But nothing counts after midnightOohBy the morning, feel like magicI got all I need you know nothing else can beatThe way that I feel when I’m dancing with my girlsPerfect energy yeah we flawless yeah we freeThere’s no better feeling in the whole wide worldTonightI don't care what’s wrong or rightDon’t start blowing up my lineI’d care at 11:59Don’t start blowing up my line",긍정
11,36699489,그대만 있다면 (여름날 우리 X 너드커넥션 (Nerd Connection)),너드커넥션 (Nerd Connection),날 사랑해서 떠난다며눈물짓던 그대의 말을 믿을 수 없죠하지만 나의 전부였던그대가 힘들어하기에 잡을 수 없었죠온통 너와의 기억뿐인나를 위해서였다면조금씩 무너져가는 날날 위한다면이대로 내 곁에 있어야 해요나를 떠나면 안 돼요세상의 모든 걸 잃어도 괜찮아요그대만 있다면 그대만 있다면함께 웃던 시간들을함께했던 약속들을지금 또 영원히 기억하겠어요다시 한번 생각해요무엇이 날 위한 건지그대는 알고 있어요영원히 내 곁을 지켜주세요나를 떠나지 말아요세상의 모든 걸 잃어도 난 좋아요그대만 있다면 그대만 있다면온통 그대의 생각뿐인나를 위해서였다면초라하게 쓰러지는 날날 위한다면이대로 내 곁에 있어야 해요나를 떠나면 안 돼요세상의 모든 걸 잃어도 괜찮아요그대만 있다면 그대만 있다면영원히 내 곁을 지켜주세요나를 떠나지 말아요세상의 모든 걸 잃어도 난 좋아요그대만 있다면 그대만 있다면,긍정
12,34061322,사랑은 늘 도망가,임영웅,눈물이 난다 이 길을 걸으면그 사람 손길이 자꾸 생각이 난다붙잡지 못하고 가슴만 떨었지내 아름답던 사람아사랑이란 게 참 쓰린 거더라잡으려 할수록 더 멀어지더라이별이란 게 참 쉬운 거더라내 잊지 못할 사람아사랑아 왜 도망가수줍은 아이처럼행여 놓아버릴까 봐꼭 움켜쥐지만그리움이 쫓아 사랑은 늘 도망가잠시 쉬어가면 좋을 텐데바람이 분다 옷깃을 세워도차가운 이별의 눈물이 차올라잊지 못해서 가슴에 사무친내 소중했던 사람아사랑아 왜 도망가수줍은 아이처럼행여 놓아버릴까 봐꼭 움켜쥐지만그리움이 쫓아 사랑은 늘 도망가잠시 쉬어가면 좋을 텐데기다림도 애태움도 다 버려야 하는데무얼 찾아 이 길을 서성일까무얼 찾아 여기 있나사랑아 왜 도망가수줍은 아이처럼행여 놓아버릴까 봐꼭 움켜쥐지만그리움이 쫓아 사랑은 늘 도망가잠시 쉬어가면 좋을 텐데잠시 쉬어가면 좋을 텐데,긍정
13,37229123,관객이 될게 (I stan U),아이유,"사소한 틈새의 one milli그게 널 다르게 만들지잔뜩 찡그려 웃는 버릇이나자주 고르는 단어 하나하나모두 바라보게 만들어널 숨기지 마 Don't be silly때때로 넌 자신 없어 하지만그 수줍음조차 그저 좋아 난흐리거나, 시리도록 맑을(손에 닿거나, 아득히 멀어질)네 모든 날들의 어느 열렬한관객이 될게난 나의 너를 믿어You're stunning, so stunningGo on 이 느낌 이어가Ballad, Disco, Hip-Hop상관없어 너 끌리는 대로 해좋아 그건 또 그대로I'm stanning, just stanningYou, I trust my you가, 너만의 승리를 이뤄I'm stanning, just stanning you오늘도 스치듯 그 말이날 쉬게 하는 걸 아는지스르르 기분 좋은 웃음이 나또 어떻게든 파고들어 와 넌어둡거나, 눈부시게 밝을(소란하거나, 아득히 고요할)그 모든 날들의 어느 열렬한관객이 될게난 나의 너를 믿어You're stunning, so stunningGo on 이 느낌 이어가Ballad, Disco, Hip-Hop상관없어 너 끌리는 대로 해Oh 좋아 그건 또 그대로I'm stanning, just stanning you막이 오르는 순간조금 철이 없길 바라놀아 어린아이처럼다 숨죽인 무대 한가운데에서그저 넌 너답게 웃어줘, 날아줘넌 너의 나를 믿어You're stunning, so stunningGo on 노래를 이어가Country, Classic, Lo-Fi상관없어 너 끌리는 대로 해Oh 좋아 그건 또 그대로I'm stanning, just stanningYou, I trust my you가, 너만의 승리를 이뤄I'm stanning, just stanning you",부정
14,37138464,Super Lady,(여자)아이들,"I am the top, super lady (Oh)I never lose yeah(’Cause got a super power)I am a god, super lady (Oh)I NEVER DIE 봤지? 모두 FollowBoy boy boy 거기 비켜 어서우린 Love love love 따위 하긴 바빠여긴 War war war 자비 따윈 없어날 막는다면 Slay it (Lock it)남자들의 뻔한 가식 (Drop it)억 소리 나는 그 사치영웅은 조금의 흔들릴 틈 없이Ready to shoot입술이 다 번져도그 어떤 놈보다 멋지게(누구보다 멋지게)웃어 보이지 더 거칠게독하다 해 That’s my nameI never bow on my wayLady ladyCall me ‘Super Lady’Lady ladyFollow, ladiesOnward, ladiesSuper ladies하나 둘 셋Mama said 넌 언젠가 세상을 망칠 악그 겁에 질린 눈빛도 참 못됐으니까그 눈빛은 패왕색 패기 여왕의 자질 The Baddie100이면 100이 다 기절한 각성에 겁먹은 Devil그래 뵈는 게 없거든 Do you know?불길이 다 번져도그 어떤 놈보다 멋지게(누구보다 멋지게)뛰어들 테지 더 뜨겁게독하다 해 That’s my nameI never bow on my wayLady ladyCall me ‘Super Lady’Lady ladyFollow, ladiesOnward, ladiesSuper ladiesLet’s go on fearlessWe came to take a winBack it up (Oh)Back it up (Oh-oh)Back it up (Oh)Back it upEverybody say누가 우릴 부른다면 Yes sir, super fast누가 우릴 막는다면 Yes sir, supernatural누가 봐도 우린 Yes, stronger than SupermanYes sir, I got super powerYes sir, I’m a",부정
15,37225604,EASY,LE SSERAFIM (르세라핌),"다친대도 길을 걸어 kiss me쉽지 않음 내가 쉽게 easyStage 위엔 불이 튀어, 내 bodyPull up and I rip it up like balletDamn, I really make it look easyYuh know that I make it look easyClap your hands, 너도 나와 같다면 clap your hands now의구심 따윈 그냥 치워, 그냥 말해 “I’m the real one”조명 꺼진 뒤의 난 wander in the nightDon’t know what is right, don’t know ‘bout my rights시기심, 의심, 불신, 이젠 friends of me, yuh세상에게 난 반쪽짜리 seraphim, yuhUhm I’ve been tryin’ so long to show you show you show youI’m the one that you need다친대도 길을 걸어 kiss me쉽지 않음 내가 쉽게 easyStage 위엔 불이 튀어, 내 bodyPull up and I rip it up like balletDamn, I really make it look easyYuh know that I make it look easyYah know that I make it look easy수면 위의 백조가 돼 whippin’때론 풀려, 나의 다리 but I keep itGet, set, go, come and see me, I’m the FEARLESS나의 발걸음은 매 순간 history, 이건 my way영웅처럼 걸어 even if I am not flawless편하게만 왔다고?날 몰라봤다면 you have to knowUhm I’ve been tryin’ so long to show you show you show youI’m the one that you need다친대도 길을 걸어 kiss me쉽지 않음 내가 쉽게 easyStage 위엔 불이 튀어, 내 bodyPull up and I rip it up like balletDamn, I really make it look easyYuh know that I make it look easy",부정
16,36956630,Drama,aespa,"Ya Ya I’m the DramaZiggy ziggy zag I’m new'Cause I go biggie biggie bad It’s true날카로운 눈 안에 비친 Toxic내 본능을 당겨 ZoomHold up, What? Oh my godYou say, What? 다쳐 넌You better watch out우린 이미 거센 Boom달려가고 있어 VroomI li-li like me when I rollLi-li-like me when I’m savageLi-li-like me when I goLi-li-likie when I baddestHold up 빛을 따라서달아 다 다 달려나가 RunGo Finally Ra ta ta ta다음 세계를 열어 난1, 2 It’s time to go후회 없어 난맞서 난 깨버렸지날 따라서 움직일 Rules손끝으로 세상을 두드려 움직여Yeah I’m comingI bring I bringall the Drama-ma-ma-maI bring Drama-ma-ma-maWith my girls in the backGirls in the backDramaTrauma-ma-ma-maI break Trauma-ma-ma-maWith MY WORLD in the back나로 시작되는 Drama(All that)Drama-ma-ma-ma(Bring it that)Drama-ma-ma-maWith my girls in the backGirls in the back YeahI breakTrauma-ma-ma-ma(We them)Trauma-ma-ma-maWith MY WORLD in the back나로 시작되는 DramaDrama-ma-ma-maDrama-ma-ma-ma (3, 2, 1)Drama-ma-maYou know I’ve been kind of like1, 2, 3 깜짝 놀랄 다음 Scene키를 거머쥔주인공은 나4, 3, 2 Going down쉽게 ThroughDeja Vu 같이그려지는 이미지날 굳이 막지 말아이건 내 Drama도발은 굳이 안 막아Uh I’m a stunner1, 2 It’s time to go타오르는 날 (타는 날)느껴 난 And I love it새로워지는 Rules난 눈을 떠 (두 눈을 떠)시작된 걸 (넌) 알아 (Now)It’s comingI bring I bringall the Drama-ma-ma-maI bring Drama-ma-ma-maWith my girls in the backGirls in the backDramaTrauma-ma-ma-maI break Trauma-ma-ma-maWith MY WORLD in the back나로 시작되는 DramaInto the REAL WORLD다가온 Climax두려워하지 마You and I함께 써 내려가는 Story날 가로막았던 No한계를 뛰어 넘어 Every dayOh Imma make it my wayOut of the way YeahI bring I bringall the Drama-ma-ma-maI bring Drama-ma-ma-maWith my girls in the backGirls in the backDramaTrauma-ma-ma-maI break Trauma-ma-ma-maWith MY WORLD in the back나와 함께하는 Drama(All that)You know, I’m savage거침없는 Baddest나를 둘러싼 Thrill거친 여정 속의 Drama(Drama-ma-ma)내가 깨트릴 모든 Trauma(Drama-ma-ma)지금 시작되는 DramaYa Ya 너로 시작될 MY Drama",부정
17,36382580,헤어지자 말해요,박재정,헤어지자고 말하려 오늘너에게 가다가 우리 추억 생각해 봤어처음 본 네 얼굴마주친 눈동자가까스로 본 너의 그 미소들손을 잡고 늘 걷던 거리에첫눈을 보다가 문득 고백했던 그 순간가보고 싶었던 식당난생처음 준비한 선물고맙다는 너의 그 눈물들이바뀔까 봐 두려워그대 먼저 헤어지자 말해요나는 사실 그대에게 좋은 사람이 아녜요그대 이제 날 떠난다 말해요잠시라도 이 행복을 느껴서 고마웠다고시간이 지나고 나면 나는어쩔 수 없을 걸 문득 너의 사진 보겠지새로 사귄 친구 함께웃음 띤 네 얼굴 보면말할 수 없을 묘한 감정들이힘들단 걸 알지만그대 먼저 헤어지자 말해요나는 사실 그대에게 좋은 사람이 아녜요그대 이제 날 떠난다 말해요잠시라도 이 행복을 느껴서 고마웠다고한 번은 널 볼 수 있을까이기적인 거 나도 잘 알아그땐 그럴 수밖에 없던어린 내게 한 번만 더 기회를 주길그댈 정말 사랑했다 말해요나는 사실 그대에게좋은 사람이 되고 싶었어영영 다신 못 본다 해도그댈 위한 이 노래가당신을 영원히 사랑할 테니,긍정
18,37138471,Wife,(여자)아이들,"I cook cream soupTaste is CocorocoWant me as your wife but she isUmm umm ummI clean your roomIt’s so twinkle twinkleWant me as your wife but she isUmm umm umm자기야 한입 크게 맛봐배가 부르대도 뱉으면 나빠좀 더 줄 테니 그만 침 좀 닦아이제 다 큰 거 아니 너네 아빠그래 그럴 줄 알고 케이크 좀 구웠어그게 다가 아냐 위에 체리도 따먹어줘조심스레 키스하고 과감하게 먹어치워어떤지 맛 표현도 들려 보여줘I cook cream soupTaste is CocorocoWant me as your wife but she isUmm umm ummI clean your roomIt’s so twinkle twinkleWant me as your wife but she isUmm umm ummUmm umm ummIt’s a ddub ddub ddub나의 Tongue 살짝 Touch너는 Brr brr brr아 구석구석 깨끗이 닦아놔섬세한 입술에 손길은 안 닿아머리부터 발끝까지 그냥 Chop chop chop배웠으면 이제 너도 한번 올라타봐만약 잘한다면 멋진 노래도 부르고물 만난 인어처럼 예쁜 춤도 춰줄 거야만약에 잘한다면 나도 배도 부르고기분 좋으니까 깊숙이 더 삼켜버릴 거야I cook cream soupTaste is CocorocoWant me as your wife but she isUmm umm ummI clean your roomIt’s so twinkle twinkleWant me as your wife but she isUmm umm ummWife, I make you feel so highI make you feel like lieBut I don’t wannaWife wife wife wifeWife, I make you feel so highI make you feel like lieBut I don’t wanna",부정
19,36502910,모래 알갱이,임영웅,나는 작은 바람에도 흩어질나는 가벼운 모래 알갱이그대 이 모래에 작은 발걸음을 내어요깊게 패이지 않을 만큼 가볍게나는 작은 바람에도 흩어질나는 가벼운 모래 알갱이그대 이 모래에 작은 발자국을 내어요깊게 패이지 않을 만큼 가볍게그대 바람이 불거든그 바람에 실려 홀연히 따라 걸어가요그대 파도가 치거든저 파도에 홀연히 흘러가리그래요 그대여 내 맘에언제라도 그런 발자국을 내어줘요그렇게 편한 숨을 쉬듯이언제든 내 곁에 쉬어가요그대 바람이 불거든그 바람에 실려 홀연히 따라 걸어가요그대 파도가 치거든저 파도에 홀연히 흘러가리그래요 그대여 내 맘에언제라도 그런 발자국을 내어줘요그렇게 편한 숨을 쉬듯이언제든 내 곁에 쉬어가요언제든 내 맘에 쉬어가요,긍정
20,34908740,우리들의 블루스,임영웅,잊지는 말아요 함께 했던 날들눈물이 날 때면그대 뒤를 돌아보면 돼요아프지 말아요 쓸쓸한 마음에힘든 일이 참 많았죠 그대에겐내가 곁에 있을게요그댈 위해 노래할게요잊지 말아요그댈 위해 약속할게요언젠가 우리 시간 지나면알게 되겠죠그땐 웃을 수 있죠 나 약속할게요그땐 미소 짓겠죠작은 행복까지 모두외롭고 지칠 때 손잡아 줄게요슬픔이 짙어질 때면 위로해 줄그 한 사람이 될게요그대 부디 울지 말아요슬퍼 말아요그대에게 빛이 될게요언젠가 우리 시간 지나면알게 되겠죠그땐 웃을 수 있죠 나 약속할게요폭풍 속에 혼자 남아 헤매도 오길이 되어 지킬게요 그대그댈 위해 노래할게요잊지 말아요그댈 위해 약속할게요어두운 길을 밝게 비추는그대의 빛이 될게요,긍정
21,34451383,인사,범진,돌아서는 너를 보며난 아무 말도 할 수 없었고슬퍼하기엔 짧았던나의 해는 저물어 갔네지나치는 모진 기억이바람 따라 흩어질 때면아무 일도 없듯이 보내주려 해아픈 맘이 남지 않도록안녕 멀어지는 나의 하루야빛나지 못한 나의 별들아차마 아껴왔던 말 이제서야잘 지내 인사를 보낼 게떠나가는 너를 보며난 아무 말도 할 수 없었고슬퍼하기엔 짧았던나의 해는 저물어 갔네돌이킬 순 없는 추억이바람 따라 흩어질 때면아무 일도 없듯이 보내주려 해아픈 맘이 남지 않도록안녕 멀어지는 나의 하루야빛나지 못한 나의 별들아차마 아껴왔던 말 이제서야잘 지내 인사를 보낼 게잘 지내 인사를 보낼 게,긍정
22,36855841,Do or Die,임영웅,"함성이 번져 숨이 차올라이 밤의 주인공 쏟아진 Spotlight멈추지 마라 힘껏 외쳐봐우리 오늘 후회 없도록더 두려울 것이 없어 타오르는 너의 heart beat모두가 함께 미쳐 하늘로 높이 뛰어열정을 채워줄게 날 따라 함께하게Let’s Go, Go Baby나만 믿고 따라와 따라와너를 위해 난 노래할 거야심장소리 난리 나 난리 나Put your hands up in the airJust raise your hands미쳐 이 순간Tonight It's Do or DieTonight It's Do or Die세상을 뒤흔들어 봐 뛰어봐Move your body like It's Do or DieWoahWoahLike It's Do or DieWoahWoahLike It's Do or Die나사 하나 빠진 것처럼 막향기에 취해버린 것처럼 now오직 너만의 영웅이 되어모든 걱정을 다 막아줄게오늘 밤 우린 Party Time분위기를 전부 휘어잡아맘이 시키는 그대로 춤춰나만 믿고 따라와 따라와너를 위해 난 노래할 거야심장소리 난리 나 난리 나Put your hands up in the air[Hook]Just raise your hands미쳐 이 순간Tonight It's Do or DieTonight It's Do or Die세상을 뒤흔들어 봐 뛰어봐Move your body like It's Do or DieWoahWoahLike It's Do or DieWoahWoahLike It's Do or Die가슴 벅찬 이 순간 (Right Now)Let's turn upLet's get loud기억해 오늘 너와 나 (You and I)Let's get loudJust raise your hands미쳐 이 순간Tonight Let’s Do or DieTonight Let’s Do or Die세상을 뒤흔들어 봐 뛰어봐Move your body like It's do or dieWoahWoahLike It's Do or DieWoahWoah",부정
23,37064763,꿈,태연 (TAEYEON),화려한 도시를그리며 찾아왔네그곳은 춥고도 험한 곳여기저기 헤매다초라한 문턱에서뜨거운 눈물을 먹는다머나먼 길을 찾아 여기에꿈을 찾아 여기에괴롭고도 험한 이 길을 왔는데이 세상 어디가 숲인지어디가 늪인지그 누구도 말을 않네사람들은 저마다고향을 찾아가네나는 지금 홀로 남아서빌딩 속을 헤매다초라한 골목에서뜨거운 눈물을 먹는다저기 저 별은 나의 마음 알까나의 꿈을 알까괴로울 땐 슬픈 노래를 부른다슬퍼질 땐 차라리 나 홀로눈을 감고 싶어고향의 향기 들으면서저기 저 별은 나의 마음 알까나의 꿈을 알까괴로울 땐 슬픈 노래를 부른다이 세상 어디가 숲인지어디가 늪인지그 누구도 말을 않네슬퍼질 땐 차라리 나 홀로눈을 감고 싶어고향의 향기 들으면서고향의 향기 들으면서,긍정
24,35008524,다시 만날 수 있을까,임영웅,너를 위해 해 줄 것이 하나 없어서보낼 수밖에 없었고네가 없이 사는 법을 알지 못해서순간순간을 울었다후회로 가득한 한숨 자락이시린 바람처럼가슴 치는 날 그 언젠가우리 만날 수 있을까다시 만날 수 있을까그리 좋던 예전처럼 그때처럼되돌아갈 수 있을까다시 우리가 만나면무엇을 해야만 할까서로를 품에 안고서하염없이 눈물만 흘려볼까붙잡을 마음이야 없었겠냐마는그때 난 부끄러웠다떳떳하게 일어나 널 다시 찾아갈뜨거운 꿈만 꾸었다둘이 함께 했던 순간순간이시린 폭포처럼쏟아지는 날 그 언젠가우리 만날 수 있을까다시 만날 수 있을까그리 좋던 예전처럼 그때처럼되돌아갈 수 있을까다시 우리가 만나면무엇을 해야만 할까서로를 품에 안고서하염없이 눈물만 흘려볼까그리운 마음이 서럽게 흘러넘쳐너에게 닿을 때우리 만날 수 있을까다시 만날 수 있을까그리 좋던 예전처럼 그때처럼되돌아갈 수 있을까다시 우리가 만나면무엇을 해야만 할까서로를 품에 안고서하염없이 눈물만 흘려볼까,긍정
25,36617841,Seven (feat. Latto) - Clean Ver.,정국,"Weight of the world on your shouldersI kiss your waist and ease your mindI must be favored to know yaI take my hands and trace your linesIt’s the way that we can rideIt’s the way that we can rideThink I met you in another lifeSo break me off another timeYou wrap around meand you give me lifeAnd that’s why night after nightI’ll be lovin’ you rightMonday Tuesday WednesdayThursday Friday Saturday SundayMonday Tuesday WednesdayThursday FridaySeven days a weekEvery hour every minute every secondYou know night after nightI’ll be lovin’ you rightSeven days a weekYou love when I jump right inAll of me I’m offeringShow you what devotion isDeeper than the ocean isWind it back I’ll take it slowLeave you with that afterglowShow you what devotion isDeeper than the ocean isIt’s the way that we can rideIt’s the way that we can rideThink I met you in another lifeSo break me off another timeYou wrap around meand you give me lifeAnd that’s why night after nightI’ll be lovin’ you rightMonday Tuesday WednesdayThursday Friday Saturday SundayMonday Tuesday WednesdayThursday FridaySeven days a weekEvery hour every minute every secondYou know night after nightI’ll be lovin’ you rightSeven days a weekMonday Tuesday WednesdayThursday Friday Saturday SundayMonday Tuesday WednesdayThursday FridaySeven days a weekEvery hour every minute every secondYou know night after nightI’ll be lovin’ you rightSeven days a weekTightly take controlTightly take his soulTake your phoneand put it in the camera rollLeave them clothes at the doorWhat you waiting for,better come and hit ya goalsHe jump in it both feetGoing to the sun-up,we ain’t getting no sleepSeven days a week,seven different sheets, seven different anglesI can be your fantasyOpen up say ahhhCome here babylet me swallow your prideWhat you on I can match your vibeHit me up and I’mma Cha Cha SlideYou make Mondays feel like weekendsI make him never think about cheatin’Got you skipping work and meetings,let’s sleep inSeven days a weekMonday Tuesday WednesdayThursday Friday Saturday SundayMonday Tuesday WednesdayThursday FridaySeven days a weekEvery hour every minute every secondYou know night after nightI’ll be lovin’ you rightSeven days a weekMonday Tuesday WednesdayThursday Friday Saturday SundayMonday Tuesday WednesdayThursday FridaySeven days a weekEvery hour every minute every secondYou know night after nightI’ll be lovin’ you rightSeven days a week",부정
26,32508053,이제 나만 믿어요,임영웅,무얼 믿은 걸까 부족했던 내게서나조차 못 믿던 내게 여태 머문 사람무얼 봤던 걸까 가진 것도 없던 내게무작정 내 손을 잡아 날 이끈 사람최고였어그대 눈 속에 비친 내 모습이제는 내게서 그댈 비춰줄게궂은 비가 오면세상 가장 큰 그대 우산이 될게그댄 편히 걸어가요걷다가 지치면내가 그대를 안고 어디든 갈게이제 나만 믿어요나만 두고 가던나만 스쳐 간 행운이 모여그대가 되어서 내게 와준 거야궂은 비가 오면세상 가장 큰 그대 우산이 될게그댄 편히 걸어가요걷다가 지치면내가 그대를 안고 어디든 갈게이제 나만 믿어요나의 마지막 주인공이 되어다신 누구 앞에서도그대는 고개 숙이지 마요내가 보지 못했던 홀로 고단했던 시간고맙고 미안해요 사랑해요이 세상은우리를 두고 오랜 장난을 했고우린 속지 않은 거야이제 울지 마요좋을 땐 밤새도록 맘껏 웃어요전부 그대 꺼니까그대는 걱정 말아요이제 나만 믿어요,긍정
27,35008525,무지개,임영웅,오늘 하루 어땠었나요많이 힘들었나요쉬지 않고 달려왔던 길에서나와 함께 쉬어가요그냥 아무런 준비도 없이떠나볼까요평범해도 좋으니까우리 함께 가요Du Du Du Du Du행복 가득 담은 배낭 하나 메고서답답했던 일상과 도심을 벗어나Du Du Du DuDu Du Du Du떠나볼래요힘껏 살다 보니 무뎌져헝클어진 머리도괜찮다며 그댈 안아줄 사람바로 그대 곁에 있죠까만 선글라스 하나 챙겨서떠나볼까요평범해도 좋으니까우리 함께 가요Du Du Du Du Du행복 가득 담은 배낭 하나 메고서답답했던 일상과 도심을 벗어나Du Du Du DuDu Du Du Du떠나볼래요우리 함께 가요Du Du Du Du Du행복 가득 담은 배낭 하나 메고서답답했던 일상과 도심을 벗어나Du Du Du DuDu Du Du Du떠나볼래요우리 함께 가요Du Du Du Du DuDu Du Du DuDu Du Du Du떠나볼래요Du Du Du DuDu Du Du Du떠나볼래요Du Du Du DuDu Du Du Du지금 떠나요,긍정
28,36930793,MANIAC,VIVIZ (비비지),힘껏 내팽개친 Roses말론 안 통하지 역시 어쩜 이리 안 변해인정 같은 소린 됐고이쯤에서 끝내 Let go 인내심도 Out of space얼룩지는 Red carpet 그렇게 또 Fade away치워줘 Scarred face 끝까지 신경 쓰여 HuhThis love is maniac maniac maniacBut I can’t killin’ it killin’ it killin’ it사랑 말고 다른 말론 설명할 수 없는 멜로It’s maniac maniac maniac자극적 이끌림 잔인해진 Orbit지겨운 Love-phobic yeah그래 솔직하자 넌 지금 즐긴 거야얼음처럼 날 선 말 부서질 듯 던져 막심장을 푹 찌르고 또 Melted완벽하게 Cliche 웃기지도 않는 꼴갈피 없이 뒤집히는 Magnet답이 없는 Zero-sum game 뭐가 문제였던 건데결국 또 미뤄진 End 이것도 재주야 PerfectThis love is maniac maniac maniacBut I can’t killin’ it killin’ it killin’ it사랑 말고 다른 말론 설명할 수 없는 멜로It’s maniac maniacCrystal처럼 조각난 Lighting 그 아래 선 우린Living in a moment Bloody truth짓이겨져 물든 Rose 결국 벗어던진 Mask말해 What you wanna do Woo woo ahThis love is maniac maniac maniacAnd I’m okay with it okay with it okay with it끝내 너와 나마저도 이해할 수 없는 멜로It’s maniac maniac maniac화려한 이 Tragic 이거 사랑 맞지영원할 Scenery yeah그래 솔직하자 우리는 즐긴 거야Never everIt’s coming down It’s coming downIt’s coming downManiacYeah yeah woo woo woo,부정
29,35834583,London Boy,임영웅,"꿈에 그리던 그곳 난 여기 있어저 푸른 바다 위로 널 닮은 하늘I’m in London oh,I’m in London, yeah드넓은 공원 안에 널 담은 향기가는 모든 곳마다 난 네가 보여I’m in London,yeah, I’m in London, oh나지막한 소리가 들려와수많은 별들 사이 너에게Baby baby baby my baby세상 누구보다 널 사랑해모든 힘 다해 너를 불러Hold me tight baby,you’re my everything널 만나고 난 변했어세상 누구보다 널 사랑해모든 힘 다해 너를 불러I’m London, London BoyOh oh no no noLondon Boy yeah셰익스피어, 처칠, 비틀즈, 숀 코네리해리포터, 데이비드 베컴 모든 게 있어Baby You are my London Girl행복은 너와 함께 즐기는 거야내 모든 걸 다 줘도 아깝지 않아너는 내게, Oh그런 사람, Oh나지막한 소리가 들려와수많은 별들 사이 너에게Baby baby baby my baby세상 누구보다 널 사랑해모든 힘 다해 너를 불러Hold me tight baby,you’re my everything널 만나고 난 변했어세상 누구보다 널 사랑해모든 힘 다해 너를 불러I’m London, London Boy널 만나고 내가 변했다Oh, I’m London BoyBaby baby baby my baby세상 누구보다 널 사랑해모든 힘 다해 너를 불러Hold me tight baby,you’re my everything널 만나고 난 변했어세상 누구보다 널 사랑해모든 힘 다해 너를 불러I’m London, London BoyLa la la la la la la laLa la la la la la la laLa la la la la la la laI’m London, London BoyLa la la la la la la laLa la la la la la la laLa la la la la la la laLondon BoyLondon BoyLondon Boy",부정
30,35008527,아버지,임영웅,하얀 머리 뽑아 달라며한 개 백 원이라던그 시절 다 지나가고이젠 흰 눈만 남았네그렇게도 힘이 드냐며나를 위로하시다어느새 잠들어버린주름만 남은 내 아버지세상이 아무리 힘들어도당신 있으면 견딜 것 같아오래오래 날 지키며그냥 곁에만 있어 주세요활짝 웃는 모습이 어린애 같아 보여도아프다 말도 못 하는 사람이제는 내가 지켜줄게어린아이로 돌아가 버린사랑하는 내 아버지오래오래 날 지키며그냥 곁에만 있어 주세요활짝 웃는 모습이어린애 같아 보여도아프다 말도 못 하는 사람이제는 내가 지켜줄게어린아이로 돌아가 버린사랑하는 내 아버지사랑해요 내 아버지,긍정
31,36356993,I AM,IVE (아이브),"다른 문을 열어 따라 갈 필요는 없어넌 너의 길로 난 나의 길로 음하루하루마다 색이 달라진 느낌밝게 빛이 나는 길을 찾아I’m on my way 넌 그냥 믿으면 돼I’m on my way 보이는 그대로야너는 누군가의 Dreams come true제일 좋은 어느 날의 데자뷰머물고픈 어딘가의 낯선 뷰I’ll be far awayThat’s myLife is 아름다운 갤럭시Be a writer, 장르로는 판타지내일 내게 열리는 건 big big 스테이지So that is who I amLook at meLook at meLook at menow어제랑 또 다른 짜릿한 나두려운 모든 게 설레이게I’m in sky high, OMG사소한 건 다 아득해져 와Look at me nowLook at me nowI’m on fireI’m on my way 넌 그냥 믿으면 돼I’m on my way 보이는 그대로야너는 누군가의 Dreams come true제일 좋은 어느 날의 데자뷰머물고픈 어딘가의 낯선 뷰I’ll be far awayThat’s myLife is 아름다운 갤럭시Be a writer, 장르로는 판타지내일 내게 열리는 건 big big 스테이지So that is who I am어느 깊은 밤 길을 잃어도차라리 날아올라 그럼 네가지나가는 대로 길이거든1, 2, 31, 2, 31, 2, 3Fly upI hope you’d be someone’sdreams come true제일 좋은 어느 날의 데자뷰머물고픈 어딘가의 낯선 뷰I’ll be far awayThat’s myLife is 아름다운 갤럭시Be a writer, 장르로는 판타지내일 내게 열리는 건 big big 스테이지So that is who I am",부정
32,35834584,Polaroid,임영웅,"별들이 짙던 밤 하늘에 약속한 고백아직도 맘에당연하듯 남아 있어요어제 일같이 선명하네요가슴 저리는 게 사랑이 아니라그 누가 뭐라던가, 오심장이 뛰는데 아프게 뛰는데이게 사랑인 거야운명 같은 밤 너를 만나영원하자고 외쳤던 그 밤네가 날 잊어도난 널 꺼내 볼 테니까 언제나내 맘속 사진첩 한 켠엔 그대가 있지참 행복했지 때론 아픈 날이 있어도버릴 수 없는 추억이 됐지가슴 저리는 게 사랑이 아니라그 누가 뭐라던가, 오심장이 뛰는데 아프게 뛰는데이게 사랑인 거야운명 같은 밤 너를 만나영원하자고 외쳤던 그 밤네가 날 잊어도난 널 꺼내 볼 테니까 언제나우~ 예~우~네가 날 잊어도난 널 꺼내 볼 테니까 언제나한 장씩 널 기억하며 보낼게우리 모든 순간 가슴 떨리던 날모든 날이 따스하게 감싸준널 사랑했다운명 같은 밤 너를 만나셀 수 없이 많은 날 함께 했지사랑했어요 아주 많이사진첩 속의 그대여영원히 기억할게 시간이 지나도언제나",긍정
33,35008534,인생찬가,임영웅,꿈처럼 지나간 시간나는 무얼 찾고 싶었나지도도 없이 걸어온 삶을후회하진 않으리떠난 어제는 떠날 오늘로남겨지기도 하지나의 친구여 나의 형제여내 이름 불러주오미안하다 나의 인생아앞만 보며 살아왔구나찬란한 순간이여 영원하라내일은 처음 가는 길언제나처럼 또 두려워버들강아지 활짝 웃는 날후회하지 않으리비가 내리면 노래하리눈이 내려도 좋아나의 친구여 나의 형제여내 이름 불러 주오미안하다 나의 인생아앞만 보며 살아왔구나찬란한 순간이여 영원하라영원한 순간이여 찬란하라,긍정
34,35008528,A bientot,임영웅,A bientotA bientot이 밤이 지나면 괜찮아질 수 있을까쓰린 내 맘이 회복될 수가 있을까네가 떠난 빈자리가 너무 크니까그 공허함에 깔려 겨우 살고 있잖아기억은 잔인하고 후유증은 지독해겨우 잠을 이뤄도 꿈자리는 뒤숭숭해마음의 반을 도려내 버리고 난 후에너라는 감옥에서 풀려날 수 있었네38도 탕 안처럼 포근한그날의 온도는 아직도 나의 가슴에깊게 뿌리내려 뻗어 미련이란 놈은공기처럼 내 마음을 드나드네넌 빌런이자 하나님이야셀 수 없는 많은 노래를잉태하고 부숴버렸네널 향해 나는 기도해널 향해 나는 기도해A bientotA bientot인생은 너무 외로워너에게 전화를 거네요A bientotA bientot인생은 너무 외로워너에게 전화를 거네요이럼 안되지만그때 우린 뜨거운 용암처럼 사랑했네너의 영은 열이 되어 내 몸에 있네가열된 너의 온기가 아직도 식질 않네늦은 새벽 눈물로 가득 찬 내 베개사진에 찍혀 있던 우리들의 손가락추억이 되어 흘러내리는 그 손가락우리의 추억들이 나는 너무 좋았지라디오에서 소개된 사연들처럼난 요새Young Thug Pick Up The Phone꽂혀있어너는 어떤 노래를 듣는지 궁금해아직도 힙합을 듣고 있어힙합을 듣고 있다면 언젠가이 노래도 들을 수 있을까넌 나에게 음악 그 이상의 존재였어서로를 이해하는 법 몰랐었던 우리들서툶 때문에 상처를 주고받곤 했잖아함께 나눈 감정들 너무 달달했기에다시 예전으로 발걸음을 돌려보려 해도A bientotA bientot인생은 너무 외로워너에게 전화를 거네요A bientotA bientot인생은 너무 외로워너에게 전화를 거네요이럼 안되지만인생이 너무 외로워허공에 말을 걸지만그건 단조로운 리듬이 돼그건 단조로운 리듬이 돼마음이 너무 외로워허공에 말을 걸지만그건 단조로운 리듬이 돼그건 단조로운 리듬이 돼그건 단조로운 리듬이그건 단조로운 리듬이 되고 있네A bientotA bientot이제는 너를 잊을게 잊을게A bientot,부정
35,36717264,Get A Guitar,RIIZE,If you want somethingto play with get a guitar너와 내 느낌대로Make it 시작해 봐발 박자를 맞추고손은 Snapping likeone two five모두 집중해 줘When I play the guitarCause I know you knowOoh baby oohI love it 너와 맞추는 눈Ooh baby oohI love it 너와 맞추는 춤Rhythm 속에 그려보는 햇살가득 담은 꿈 In my heartTell me whileYou play me like dun dun dunStill I love it 너와 맞추는 눈Baby dun dun dunStill I love it 너와 맞추는 춤Get get get get a guitarGet get get get a guitarGet get get get a guitarGet get get get a guitarIf you want somethingto play with get a guitar가볍게 툭어깨에 메고 시작해 봐불타오를 Love and youth외치는 순간 Feel the vibe맘이 가는 대로Play it get a guitarCause I know you knowOoh baby oohI love it 너와 맞추는 눈Ooh baby oohI love it 너와 맞추는 춤Rhythm 속에 그려보는 햇살가득 담은 꿈 In my heartTell me whileYou play me like dun dun dunStill I love it 너와 맞추는 눈Baby dun dun dunStill I love it 너와 맞추는 춤Ooh baby oohI love it 너와 맞추는 눈Ooh baby oohI love it 너와 맞추는 춤네가 원하던 그 순간다른 생각들은 다 벗어나Tell me whileYou play me like dun dun dunStill I love it 너와 맞추는 눈Baby dun dun dunStill I love it 너와 맞추는 춤Get get get get a guitarGet get get get a guitarGet get get get a guitarGet get get get a guitarGet get get get a guitar,부정
36,4446485,너의 모든 순간,성시경,이윽고 내가 한눈에너를 알아봤을 때모든 건 분명 달라지고 있었어내 세상은 널 알기 전과 후로 나뉘어니가 숨 쉬면 따스한 바람이 불어와니가 웃으면 눈부신 햇살이 비춰거기 있어줘서 그게 너라서가끔 내 어깨에 가만히 기대주어서나는 있잖아 정말 빈틈없이 행복해너를 따라서 시간은 흐르고 멈춰물끄러미 너를 들여다 보곤 해그것 말고는 아무것도 할 수 없어서너의 모든 순간 그게나였으면 좋겠다생각만 해도 가슴이 차올라나는 온통 너로보고 있으면 왠지 꿈처럼 아득한 것몇 광년 동안 날 향해 날아온 별빛또 지금의 너거기 있어줘서 그게 너라서가끔 나에게 조용하게 안겨주어서나는 있잖아 정말 남김없이 고마워너를 따라서 시간은 흐르고 멈춰물끄러미 너를 들여다보곤 해너를 보는 게 나에게는 사랑이니까너의 모든 순간 그게나였으면 좋겠다생각만 해도 가슴이 차올라나는 온통 너로니 모든 순간 나였으면,긍정
37,36713849,Love Lee,AKMU (악뮤),You know내 스타일이 아닌 음악을 들어도You know좋아하지 않는 음식을 먹어도우산 없이 비가 와 홀딱 다 젖어도 좋아I love it because I love you우리 관계 디비디비딥매일 봐도 처음같이 비기비기닝춤추고 싶어 빌리빌리진우리 앞 우리 옆 시기시기질투자유로운 날갯짓 훨훨훨꽃송이가 나를 삼킬 걸알면서 난 뛰어들었어Jump j-j-jump jump jump jumpSo lovely day so lovelyErrday with you so lovelyDu durudu durudu du duruduSpell L.o.v.e.L.e.e이름만 불러도 you can feel me눈빛만 봐도 알면서 my loveYou know아끼는 옷에 coffee를 쏟아도You know내가 준 목걸이를 잃어버려도한 번 더 같은 것 사준 걸 다시 또 잃어도 좋아I don't care I just care about you여기 어때 how you like that다 퍼주고 될게 빈털터리Jubilate 박수갈채안 반하고 누가 배겨 love sick비타민 U가 필요해만들어줘 샛노랗게체크무늬 벌집 두 눈에Honey help honey helpSo lovely day so lovelyErrday with you so lovelyDu durudu durudu du duruduSpell L.o.v.e.L.e.e이름만 불러도 you can feel me눈빛만 봐도 알면서 my love누구 사랑 먹고 그리 이쁘게 컸니Mommy or your daddy or them bothLovey-dovey things 너의 곁에 everydayGood morning good night너의 이름 부를 때So lovely day so lovelyErrday with you so lovelyDu durudu durudu du duruduSpell L.o.v.e.L.e.e이름만 불러도 you can feel me눈빛만 봐도 알면서 my love,부정
38,36871671,Baddie,IVE (아이브),Imma baddie baddie baddiePretty little risky baddie뭐든 될 대로 되라지 Catch me if you canBaddie baddie baddie나는 없어 거기 이미어차피 못 찾을 테니 Catch me if you canNothing like the regulars내 DNA엔 blue blood runs더 솔직하게 말해줘 착한 척은 지겨워우리 앞에선 룰이의미 없었어 굳이유행이 돌고 돌아도 난 그 틀에 없어 이미I wanna break I wanna kick뛰어 놀래 시끄럽게다채로운 매력 수많은 변칙 위에 더 빛을 발하지답답한 건 벗어 던져고개 숙일 필요 없어Imma baddie baddie baddiePretty little risky baddie뭐든 될 대로 되라지 Catch me if you canBaddie baddie baddie나는 없어 거기 이미어차피 못 찾을 테니 Catch me if you canAnd the fit pop like bubblegum내 판단을 믿어 난할말도 많아 참모자이크 없이 Spit it out난 즐겨 이 troublesome그 누구도 Can’t bite me원한다면 Come try me언제든 You’re invited난 thriller 속 villain생각할 시간에 저지르는 게 my mottoImma baddie baddie baddiePretty little risky baddie뭐든 될 대로 되라지 Catch me if you canBaddie baddie baddie앞 다퉈 내 길을 막지가뿐히 날아 오를 테니 Catch me if you canImma baddie baddie baddie어딜 그리 바삐 가니뭐든 될 대로 되라지 Catch me if you canBaddie baddie baddie나는 없어 거기 이미어차피 못 찾을 테니 Catch me if you canImma baddie baddie baddie어딜 그리 바삐 가니뭐든 될 대로 되라지 Catch me if you canBaddie baddie baddie나는 없어 거기 이미어차피 못 찾을 테니 Catch me if you can,부정
39,35008532,연애편지,임영웅,노을에 물든 저녁 하늘이오랜만에 참 좋은 저녁입니다문득 떠오른 그대 생각에나지막이 이름을 불러봅니다나도 몰래 꺼내 본 낡은 수첩엔그대가 너무도 많아차마 그립단 말 대신꽃잎을 넣어 보내며하얀 종이에 하지 못한 말아직 그댄 내 고운 사랑입니다외로이 스쳐 창을 흔드는바람 소리 쓸쓸한 시간입니다어둠 만들고 초를 태우며나지막이 그대를 불러봅니다나도 몰래 꺼내 본 낡은 사진엔그대가 너무도 많아차마 그립단 말 대신바라본 밤하늘에는아스라이 먼 작은 별 하나외로이 홀로 남아 깜박입니다그대를 닮은 작은 별 하나외로이 홀로 남아 깜박입니다그대 고운 이름은 사랑입니다,긍정
40,36616378,사막에서 꽃을 피우듯,우디 (Woody),아침에 눈 뜨는 게 너무 행복해졌어널 사랑한다 말할 수 있어서 하늘에 감사해⠀네 번의 계절을 너와 함께할게평생토록 더 오래도록 더 영원토록⠀음악처럼 꿈처럼매일 새롭게 사랑을 주고 싶어지금처럼 곁에 있어 주기를 언제나⠀사막에서 꽃을 피우듯 널 만난 건 기적인 걸설렘이 사라지더라도 이 사랑을 지켜줄게⠀허물없이 지내다가도힘든 날엔 말없이 기댈 수 있게언제나 네 곁에 내가 서 있을게⠀한 걸음 한 걸음어둡지 않게 내가 널 비춰줄게지금처럼 곁에 있어 주면 돼 언제나⠀사막에서 꽃을 피우듯 널 만난 건 기적인 걸설렘이 사라지더라도 이 사랑을 지켜줄게⠀허물없이 지내다가도힘든 날엔 말없이 기댈 수 있게언제나 네 곁에 내가 서 있을게⠀너와 함께하는 이 시간이조금만 더 천천히 흘러가길⠀어떤 날엔 웃게 해 줄게좋은 날엔 더 안아줄게슬픈 날엔 그냥 울어도 돼내가 더 노력할게⠀허물없이 지내다가도힘든 날엔 말없이 기댈 수 있게언제나 네 곁에 내가 서 있을게⠀언제나 네 곁에 있을게,긍정
41,30232719,예뻤어,DAY6 (데이식스),지금 이 말이우리가 다시시작하자는 건 아냐그저 너의남아있던 기억들이떠올랐을 뿐이야정말 하루도 빠짐없이 너는사랑한다 말해줬었지잠들기 전에 또눈 뜨자마자 말해주던 너생각이 나 말해보는 거야예뻤어날 바라봐 주던 그 눈빛날 불러주던 그 목소리다 다그 모든 게 내겐예뻤어더 바랄게 없는듯한 느낌오직 너만이 주던 순간들다 다지났지만넌 너무 예뻤어너도 이제는나와의 기억이추억이 되었을 거야너에게는어떤 말을 해도 다지나간 일일 거야정말 한번도 빠짐없이 너는나를 먼저 생각해줬어아무 일 아니어도미안해 고마워 해주던 너생각이 나 말해보는 거야예뻤어날 바라봐 주던 그 눈빛날 불러주던 그 목소리다 다그 모든 게 내겐예뻤어더 바랄게 없는듯한 느낌오직 너만이 주던 순간들다 다지났지만넌 너무 예뻤어아직도 가끔 네 생각이 나어렵게 전화를 걸어볼까생각이 들 때도 많지만Baby I know it's already over아무리 원해도 너는 이제이미 끝나버린 지난날의한편의 영화였었단 걸난 알아마지막날 바라봐 주던 그 눈빛잘 지내라던 그 목소리다 다그마저도 내겐예뻤어내게 보여준 눈물까지너와 가졌던 순간들은다 다지났지만넌 너무 예뻤어,긍정
42,36595401,"잘 지내자, 우리 (여름날 우리 X 로이킴)",로이킴,마음을 다 보여줬던 너와는 다르게지난 사랑에 겁을 잔뜩 먹은나는 뒷걸음질만 쳤다너는 다가오려 했지만분명 언젠가 떠나갈 것이라 생각해도망치기만 했다같이 구름 걸터앉은 나무 바라보며잔디밭에 누워한 쪽 귀로만 듣던 달콤한 노래들이쓰디쓴 아픔이 되어다시 돌아올 것만 같아분명 언젠가 다시 스칠 날 있겠지만모른 척 지나가겠지최선을 다한 넌 받아들이겠지만서툴렀던 난아직도 기적을 꿈꾼다눈 마주치며 그땐 미안했었다고용서해달라고 얘기하는 날그때까지 잘 지내자 우리 우리지금 생각해보면 그까짓 두려움내가 바보 같았지 하며솔직해질 자신 있으니돌아오기만 하면 좋겠다분명 언젠가 다시 스칠 날 있겠지만모른 척 지나가겠지최선을 다한 넌 받아들이겠지만서툴렀던 난아직도 기적을 꿈꾼다눈 마주치며 그땐 미안했었다고용서해달라고 얘기하는 날그때까지 잘 지내자 우리 우리눈 마주치며 그땐 미안했다고용서해달라고 이야기 하는 날그때까지잘 지내자우리,부정
43,36852553,You & Me,제니 (JENNIE),"You know I gotchaYou know that I got you like thatAin’t nobody gonna have your backlike the way I doYou love it just say you doYou know you got meEverything you doEverything you didEverything I wish I was withMakes me feel alrightI’m just saying soI really like itNothing in the world can make me feel the way you do the things you doI really like itNothing in the world can make me feel the way you do the things you doI love you and meDancing in the moonlightNobody can seeIt’s just you and me tonightI love you and meDancing in the moonlightNobody can seeIt’s just you and me tonightLook at you now look at meHow you ever ever gonna find someone like thisLook at you now look at meHow you ever ever gonna find someone like thisYou’re the reason my heart skips dropsJust a little touch my world stopsFinally I know that you’re mineI don’t want to fallDon’t wanna play this game of love oh eh ohThere’s nowhere to hideI really like itNothing in the world can make me feel the way you do the things you doI really like itNothing in the world can make me feel the way you do the things you doI love you and meDancing in the moonlightNobody can seeIt’s just you and me tonightI love you and meDancing in the moonlightNobody can seeIt’s just you and me tonightLook at you now look at meHow you ever ever gonna find someone like thisLook at you now look at meHow you ever ever gonna find someone like thisI don’t care about your first love,This should be your last oneNothin’ like your last oneYou look better on me, that’s fashionWon’t block your shot, lights camera actionNever been a love me or a love me not thingEvery petal better tell him better not changeI love you I love me a lot, waitWhich one I love better, better off not sayingI love you and me",부정
44,37138469,나는 아픈 건 딱 질색이니까,(여자)아이들,오늘도 아침엔 입에 빵을 물고똑같이 하루를 시작하고온종일 한 손엔 아이스 아메리카노피곤해 죽겠네지하철 속 이 장면 어제 꿈에서 봤나아참 매일이지 지나치고바쁜 이 삶에 그냥 흔한 날에그 애를 보고 말야평온했던 하늘이 무너지고어둡던 눈앞이 붉어지며뭔가 잊고 온 게 있는 것 같아괜히 이상하게 막 울 것만 같고그냥 지나치는 게 나을 것 같아나는 생각은 딱 질색이니까카페인으로 잡은 정신은 빠졌고하루 종일 신경 쓰여 토할 것 같아저녁이 돼도 배고픔까지 까먹고그치 이상하지 근데 말야 있잖아처음 본 순간 뭐라 할까 그립달까나도 웃긴데 말야평온했던 하늘이 무너지고어둡던 눈앞이 붉어지며뭔가 잊고 온 게 있는 것 같아괜히 이상하게 막 울 것만 같고그냥 지나치는 게 나을 것 같아나는 생각은 딱 질색이니까오랫동안 나를 아는슬픈 표정을 하고 Oh흔적 없는 기억 밖혹 과거에 미래에 딴 차원에 세계에1 2 3 4 5 6 7 8평온했던 하늘이 무너지고어둡던 눈앞이 붉어져도다시 놓쳐버리는 것만 같아괜히 이상하게 막 울 것만 같고그냥 지나치는 게 나을 것 같아나는 생각은 딱 질색이니까아냐 지나치는 게 나을 것 같아나는 아픈 건 딱 질색이니까,긍정
45,36599950,Super Shy,NewJeans,"I’m super shy, super shyBut wait a minute while IMake you mine, make you mine떨리는 지금도You’re on my mindAll the timeI wanna tell you but I’mSuper shy, super shyI’m super shy, super shyBut wait a minute while IMake you mine, make you mine떨리는 지금도You’re on my mindAll the timeI wanna tell you but I’mSuper shy, super shyAnd I wanna go out with youWhere you wanna go? (Huh?)Find a lil spotJust sit and talkLooking prettyFollow me우리 둘이 나란히보이지? (봐)내 눈이 (heh)갑자기빛나지When you sayI’m your dreamYou don’t even know my nameDo ya?You don’t even know my nameDo ya-a?누구보다도I’m super shy, super shyBut wait a minute while IMake you mine, make you mine떨리는 지금도You’re on my mindAll the timeI wanna tell you but I’mSuper shy, super shyI’m super shy, super shyBut wait a minute while IMake you mine, make you mine떨리는 지금도You’re on my mindAll the timeI wanna tell you but I’mSuper shy, super shy나 원래 말도 잘하고 그런데 왜 이런지I don’t like thatSomething odd about youYeah you’re special and you know itYou’re the top babeI’m super shy, super shyBut wait a minute while IMake you mine, make you mine떨리는 지금도You’re on my mindAll the timeI wanna tell you but I’mSuper shy, super shyI’m super shy, super shyBut wait a minute while IMake you mine, make you mine떨리는 지금도You’re on my mindAll the timeI wanna tell you but I’mSuper shy, super shyYou don’t even know my nameDo ya?You don’t even know my nameDo ya-a?누구보다도You don’t even know my nameDo ya?You don’t even know my nameDo ya-a?",부정
46,36430773,퀸카 (Queencard),(여자)아이들,Hey you뭘 보니? 내가 좀 Sexy Sexy 반했니Ye you뭐 하니? 너도 내 Kiss Kiss 원하니월 화 수 목 금 토 일 미모가 쉬지를 않네머리부터 발끝까지 눈부셔 빛이 나네Oh 저기 언니야들 내 Fashion을 따라 하네아름다운 여자의 하루는 다 아름답네이 Party에 준비된 Birthday cake태어나서 감사해 Every dayI don’t need them그래 내가 봐도 난퀸카 I’m hotMy boob and booty is hotSpotlight 날 봐I’m a star star star퀸카 I’m the topI’m twerking on the runwayI am a 퀸카You wanna be the 퀸카I’m a 퀸카I’m a 퀸카I’m a I’m a I’m a 퀸카I’m a 퀸카 (Take a photo)I’m a 퀸카I’m a 퀸카I’m a I’m a I’m a 퀸카I’m a 퀸카Look so cool look so sexylike Kim KardashianLook so cute look so pretty like ArianaI wanna with you 뽀뽀I wanna with you 포옹자꾸 예뻐져 거울 속 너어~이 Party에 준비된 (Blue) Champagne태어난 걸 축하해 Every dayI don’t need them그래 내가 봐도 난퀸카 I’m hotMy boob and booty is hotSpotlight 날 봐I’m a star star star퀸카 I’m the topI’m twerking on the runwayI am a 퀸카You wanna be the 퀸카I’m a 퀸카I’m a 퀸카I’m a I’m a I’m a 퀸카I’m a 퀸카 (Take a photo)I’m a 퀸카I’m a 퀸카I’m a I’m a I’m a 퀸카I’m a 퀸카아무거나 걸친 Girl 퀸카카카마르거나 살찐 Girl 퀸카카카자신감 넘치는 Girl 퀸카카카I am a 퀸카You wanna be the 퀸카,부정
47,35454426,Hype Boy,NewJeans,"(1,2,3,4)Baby, got me looking so crazy빠져버리는 daydreamGot me feeling you너도 말해줄래누가 내게 뭐라든남들과는 달라 넌Maybe you could be the one날 믿어봐 한번I’m not looking for just funMaybe I could be the oneOh baby예민하대 나 lately너 없이는 매일 매일이 yeah재미없어 어쩌지I just want youCall my phone right nowI just wanna hear you’re mine‘Cause I know what you like boyYou’re my chemical hype boy내 지난날들은눈 뜨면 잊는 꿈Hype boy 너만 원해Hype boy 내가 전해And we can go high말해봐 yeah느껴봐 mm mmTake him to the skyYou know I hype you boy눈을 감아말해봐 yeah느껴봐 mm mmTake him to the skyYou know I hype you boy잠에 들려고 잠에 들려 해도네 생각에 또 새벽 세 시 uh-oh알려줄 거야 they can’t have you no more봐봐 여기 내 이름 써있다고누가 내게 뭐라든남들과는 달라 넌Maybe you could be the one날 믿어봐 한번I’m not looking for just funMaybe I could be the oneOh baby예민하대 나 lately너 없이는 매일 매일이 yeah재미없어 어쩌지I just want youCall my phone right nowI just wanna hear you’re mine‘Cause I know what you like boyYou’re my chemical hype boy내 지난날들은눈 뜨면 잊는 꿈Hype boy 너만 원해Hype boy 내가 전해And we can go high말해봐 yeah느껴봐 mm mmTake him to the skyYou know I hype you boy눈을 감아말해봐 yeah느껴봐 mm mmTake him to the skyYou know I hype you boy",부정
48,34657844,사랑인가 봐,멜로망스,너와 함께 하고 싶은 일들을상상하는 게요즘 내 일상이 되고너의 즐거워하는 모습을 보고 있으면자연스레 따라 웃고 있는 걸너의 행동에 설레어하고 뒤척이다가지새운 밤이 많아지는데이건 누가 봐도 사랑일 텐데종일 함께면 질릴 텐데나 돌아서도 온통 너인 건아무래도 사랑인가 봐점점 너와 하고 싶은 일들 생각하면서하룰 보낸 날이 많아지는데이건 누가 봐도 사랑일 텐데종일 함께면 질릴 텐데나 돌아서도 온통 너인 건아무래도 사랑인가 봐너의 행복해하는 모습을 보고 있으면나도 모르게 따라 웃는데이 정도면 알아줄 만하잖아너도 용기 낼만 하잖아나만 이런 게 아니라면우리 만나볼 만하잖아아무래도 사랑인가 봐,긍정
49,31927275,한 페이지가 될 수 있게,DAY6 (데이식스),솔직히 말할게많이 기다려 왔어너도 그랬을 거라 믿어오늘이 오길매일같이 달력을 보면서솔직히 나에게도지금 이 순간은꿈만 같아 너와 함께라오늘을 위해꽤 많은 걸 준비해 봤어All about you and I다른 건 다 제쳐 두고Now come with meTake my hand아름다운 청춘의 한 장함께 써내려 가자너와의 추억들로가득 채울래Come on아무 걱정도 하지는 마나에게 다 맡겨 봐지금 이 순간이다시 넘겨볼 수 있는한 페이지가 될 수 있게This is our pageOur page솔직히 말할게지금이 오기까지마냥 순탄하진 않았지오늘이 오길나도 목 빠져라 기다렸어솔직히 나보다도네가 몇 배는 더힘들었을 거라고 믿어오늘을 위해그저 견뎌줘서 고마워All about you and I다른 건 다 제쳐 두고Now come with meTake my hand아름다운 청춘의 한 장함께 써내려 가자너와의 추억들로가득 채울래Come on아무 걱정도 하지는 마나에게 다 맡겨 봐지금 이 순간이다시 넘겨볼 수 있는한 페이지가 될 수 있게Want you toCome on out and have funWant us toHave the time of our lifeOh너와의 추억들로가득 채울래Come on아무 걱정도 하지는 마나에게 다 맡겨 봐지금 이 순간이다시 넘겨볼 수 있는한 페이지가 될 수 있게This is our pageOur page,긍정
